size,block_size,cmc_estimate,ginibre_estimate
900,900,3.2177777777777776,3.1422222222222222
900,30,3.2,2.933333333333333
900,3,2.6666666666666665,2.6666666666666665
