R,CMC_orig,CMC_block,ginibre_orig,ginibre_block,CMC_orig_t,CMC_block_t,ginibre_orig_t,ginibre_block_t
100,3.32,2.84,3.08,2.8,0.00013689999468624592,0.00011560000712051988,0.011411600047722459,0.0006649999995715916
400,3.18,3.1,3.12,2.91,1.680001150816679e-05,0.0001561000244691968,0.16584549995604903,0.0028303000144660473
900,3.0844444444444443,3.102222222222222,3.1066666666666665,3.0444444444444443,3.5999983083456755e-05,0.0002568999771028757,0.8925209000008181,0.008791300002485514
1600,3.1475,3.2425,3.1325,3.02,2.2499996703118086e-05,0.0002975999959744513,2.413626399997156,0.020990799996070564
