R,CMC_val,CMC_err,haar_val,haar_err,ginibre_val,ginibre_err
1,4.0000000000,0.8584073464,0.0000000000,3.1415926536,4.0000000000,0.8584073464
500,3.1040000000,0.0375926536,3.3120000000,0.1704073464,3.1200000000,0.0215926536
