R,variance,chi2_pvalue
50,0.0161991683,0.0000000000
100,0.0070407657,0.0000000000
500,0.0014344617,0.0145499023
1000,0.0006432082,0.0001631351
1500,0.0005784426,0.0079752915
