R,variance,chi2_pvalue
50,0.0206747951,0.0007567379
100,0.0087551064,0.0000000000
500,0.0018473646,0.0000001281
1000,0.0010289105,0.1815566320
1500,0.0006533785,0.1581333325
